"Date","Open","High","Low","Close","Adjusted_Close","Volume"
2023-03-13,170.770004272461,173.229995727539,169.839996337891,170.869995117188,165.103179931641,108500
2023-03-14,173.979995727539,175.289993286133,171.460006713867,173.25,167.402877807617,113500
2023-03-15,169.199996948242,169.199996948242,165.149993896484,167.460006713867,161.808303833008,1e+05
2023-03-16,165.779998779297,169.589996337891,165.270004272461,169.339996337891,163.624847412109,101100
2023-03-17,168.520004272461,168.520004272461,166.360000610352,166.589996337891,160.967620849609,50200
2023-03-20,167.759994506836,170.139999389648,167.759994506836,169.910003662109,164.175598144531,50500
2023-03-21,171.940002441406,172.990005493164,171.169998168945,172.130004882812,166.320678710938,59100
2023-03-22,172.080001831055,172.960006713867,169.100006103516,169.130004882812,163.421905517578,26200
2023-03-23,169.660003662109,172.380004882812,167.770004272461,168.759994506836,163.064407348633,79900
2023-03-24,166.779998779297,169.929992675781,165.839996337891,169.669998168945,164.608917236328,55700
2023-03-27,170.759994506836,172.110000610352,169.699996948242,170.899993896484,165.802215576172,39600
2023-03-28,171.029998779297,172.190002441406,171.029998779297,171.949996948242,166.820892333984,91500
2023-03-29,174.029998779297,174.220001220703,173.360000610352,174.199996948242,169.003799438477,84800
2023-03-30,175.610000610352,175.990005493164,174.5,175.169998168945,169.944839477539,53400
2023-03-31,175.460006713867,178.059997558594,175.460006713867,177.820007324219,172.515823364258,133900
2023-04-03,178.229995727539,179.570007324219,177.5,178.839996337891,173.505386352539,117000
2023-04-04,178.520004272461,178.520004272461,175.25,175.929992675781,170.682174682617,130100
2023-04-05,174.970001220703,175.669998168945,173.759994506836,175.360000610352,170.129180908203,115900
2023-04-06,174.320007324219,175.039993286133,173.75,174.899993896484,169.682891845703,69500
2023-04-10,174.100006103516,176.360000610352,174.100006103516,176.160003662109,170.905334472656,58100
2023-04-11,176.5,178.440002441406,176.5,177.5,172.205337524414,101100
2023-04-12,178.75,179.130004882812,177.240005493164,177.339996337891,172.050140380859,62400
2023-04-13,177.679992675781,179.830001831055,177.289993286133,179.190002441406,173.844955444336,72000
2023-04-14,178.820007324219,179.800003051758,176.860000610352,177.759994506836,172.457595825195,50400
2023-04-17,177.759994506836,178.940002441406,177.529998779297,178.869995117188,173.534484863281,44800
2023-04-18,179.380004882812,180.179992675781,178.789993286133,179.509994506836,174.155380249023,49100
2023-04-19,178.410003662109,179.220001220703,178,178.979995727539,173.641204833984,35700
2023-04-20,177.899993896484,179.169998168945,177.779998779297,178.630004882812,173.301651000977,37600
2023-04-21,177.740005493164,177.740005493164,175.910003662109,176.779998779297,171.506820678711,59900
2023-04-24,176.869995117188,178.070007324219,176.869995117188,177.990005493164,172.680725097656,50000
2023-04-25,176.360000610352,176.360000610352,173.919998168945,173.919998168945,168.732147216797,54600
2023-04-26,173.399993896484,173.710006713867,171.360000610352,171.779998779297,166.655975341797,33000
2023-04-27,172.369995117188,174.470001220703,171.610000610352,174.440002441406,169.23664855957,49100
2023-04-28,174.279998779297,176.639999389648,174.279998779297,176.369995117188,171.109039306641,136900
2023-05-01,176.610000610352,177.550003051758,176.070007324219,176.160003662109,170.905334472656,36900
2023-05-02,174.779998779297,174.839996337891,171.869995117188,174.720001220703,169.508270263672,41100
2023-05-03,174.880004882812,175.940002441406,172.729995727539,172.729995727539,167.57763671875,46500
2023-05-04,173,174.009994506836,171.389999389648,171.639999389648,166.520156860352,62700
2023-05-05,173.179992675781,175.410003662109,173.179992675781,174.779998779297,169.566497802734,55300
2023-05-08,175.830001831055,176.360000610352,174.149993896484,174.380004882812,169.178436279297,35100
2023-05-09,173.279998779297,173.759994506836,172.339996337891,172.960006713867,167.80078125,34800
2023-05-10,174.679992675781,174.679992675781,171.089996337891,172.949996948242,167.791076660156,39500
2023-05-11,171.100006103516,171.529998779297,170.410003662109,171.229995727539,166.12239074707,47600
2023-05-12,171.570007324219,172.25,170.089996337891,171.410003662109,166.297027587891,44200
2023-05-15,171.979995727539,173.089996337891,171.360000610352,172.949996948242,167.791076660156,52600
2023-05-16,172,172,170.020004272461,170.039993286133,164.967880249023,74700
2023-05-17,170.759994506836,172.020004272461,170.009994506836,171.429992675781,166.31640625,57200
2023-05-18,170.929992675781,172.779998779297,169.899993896484,172.630004882812,167.48063659668,76800
2023-05-19,173.210006713867,173.720001220703,171.949996948242,172.759994506836,167.606750488281,55100
2023-05-22,172.940002441406,173.630004882812,171.619995117188,172.050003051758,166.917953491211,57600
2023-05-23,171.119995117188,171.589996337891,169.570007324219,169.779998779297,164.715637207031,66500
2023-05-24,168.970001220703,169.020004272461,167.449996948242,167.690002441406,162.687973022461,122900
2023-05-25,167.699996948242,167.699996948242,165.979995727539,166.940002441406,161.960372924805,76600
2023-05-26,167.490005493164,168.699996948242,167.039993286133,167.690002441406,162.687973022461,73900
2023-05-30,167.919998168945,167.990005493164,165.600006103516,166.619995117188,161.64990234375,57300
2023-05-31,165.839996337891,165.839996337891,164.139999389648,164.740005493164,159.825988769531,89400
2023-06-01,165.039993286133,167.389999389648,165.009994506836,166.820007324219,161.843933105469,114900
2023-06-02,169.350006103516,173.289993286133,169.350006103516,172.979995727539,167.820175170898,188200
2023-06-05,173.059997558594,174.190002441406,171.830001831055,172.830001831055,167.674652099609,81000
2023-06-06,172,174.5,172,174.220001220703,169.023193359375,57300
2023-06-07,174.240005493164,176.5,174.240005493164,176.339996337891,171.079956054688,55400
2023-06-08,176.369995117188,176.369995117188,174.529998779297,175.630004882812,170.391128540039,33900
2023-06-09,175.169998168945,175.169998168945,173.669998168945,174.259994506836,169.061996459961,54500
2023-06-12,174.270004272461,175.220001220703,173.199996948242,174.929992675781,169.712005615234,37500
2023-06-13,176.080001831055,178.789993286133,176.080001831055,178.690002441406,173.359832763672,61100
2023-06-14,180,180,176.970001220703,177.839996337891,172.535217285156,38900
2023-06-15,177.350006103516,179.710006713867,177.350006103516,179.449996948242,174.097183227539,50000
2023-06-16,179.669998168945,179.669998168945,178.350006103516,179.369995117188,174.019561767578,29000
2023-06-20,177.929992675781,177.929992675781,176.199996948242,177.050003051758,171.768783569336,47300
2023-06-21,176.059997558594,178.210006713867,175.669998168945,177.460006713867,172.166564941406,52200
2023-06-22,176.660003662109,177.020004272461,175.259994506836,176.860000610352,171.584442138672,29900
2023-06-23,174.949996948242,175.839996337891,174.940002441406,175.520004272461,170.284423828125,27100
2023-06-26,175.610000610352,177.580001831055,175.610000610352,177.149993896484,171.865798950195,30000
2023-06-27,177.639999389648,179.860000610352,177.009994506836,179.649993896484,174.291213989258,50900
2023-06-28,179.289993286133,179.289993286133,177.880004882812,178.699996948242,173.369552612305,54400
2023-06-29,177.720001220703,180.509994506836,177.330001831055,180.509994506836,175.93879699707,54100
2023-06-30,181.5,182.580001831055,180.740005493164,181.970001220703,177.361862182617,54300
2023-07-03,181.830001831055,183.699996948242,181.830001831055,182.970001220703,178.336532592773,281100
2023-07-05,181.660003662109,181.660003662109,178.470001220703,178.470001220703,173.950469970703,88100
2023-07-06,176.509994506836,177.149993896484,174.509994506836,177.050003051758,172.566452026367,110900
2023-07-07,177.009994506836,180.669998168945,177.009994506836,179.029998779297,174.496292114258,43400
2023-07-10,177.729995727539,180.139999389648,177.729995727539,179.339996337891,174.798431396484,53600
2023-07-11,179.880004882812,181.25,179.860000610352,181.100006103516,176.513854980469,34900
2023-07-12,183.089996337891,184.259994506836,182.240005493164,183.660003662109,179.009048461914,69900
2023-07-13,184.350006103516,185.059997558594,183.649993896484,184.850006103516,180.168884277344,47600
2023-07-14,184.75,184.899993896484,182.669998168945,183.630004882812,178.979797363281,704600
2023-07-17,183,184.259994506836,182.690002441406,183.820007324219,179.165008544922,896200
2023-07-18,183.850006103516,185.929992675781,183.850006103516,185.5,180.802444458008,88100
2023-07-19,185.300003051758,185.720001220703,184.130004882812,184.639999389648,179.964218139648,286100
2023-07-20,185.429992675781,185.449996948242,183.979995727539,184.789993286133,180.110427856445,67900
2023-07-21,184.550003051758,185.020004272461,183.490005493164,184.679992675781,180.003204345703,36800
2023-07-24,184.729995727539,185.600006103516,184.259994506836,185.139999389648,180.451553344727,68900
2023-07-25,185.479995727539,189.199996948242,185.479995727539,188.389999389648,183.619262695312,71400
2023-07-26,187.610000610352,188.520004272461,186.729995727539,188.139999389648,183.375595092773,47500
2023-07-27,188.889999389648,188.960006713867,186.410003662109,186.679992675781,181.952545166016,41500
2023-07-28,188.009994506836,188.580001831055,187.130004882812,188.039993286133,183.278106689453,34600
2023-07-31,188.330001831055,189.369995117188,188.080001831055,189.149993896484,184.360015869141,34100
2023-08-01,188.059997558594,188.889999389648,187.789993286133,188.229995727539,183.463302612305,67500
2023-08-02,186.100006103516,186.979995727539,185.270004272461,185.389999389648,180.695236206055,124500
2023-08-03,184.919998168945,185.699996948242,184.059997558594,184.229995727539,179.564605712891,56600
2023-08-04,184.809997558594,186.410003662109,183.740005493164,183.740005493164,179.087036132812,52300
2023-08-07,184.179992675781,185.199996948242,183.550003051758,184.979995727539,180.295623779297,46500
2023-08-08,182.470001220703,183.300003051758,181.089996337891,183.160003662109,178.521713256836,70900
2023-08-09,183.610000610352,183.919998168945,182.130004882812,182.259994506836,177.644485473633,40300
2023-08-10,183.089996337891,184,181.860000610352,182.270004272461,177.654235839844,45000
2023-08-11,181.419998168945,182.600006103516,181.220001220703,181.690002441406,177.088928222656,37100
2023-08-14,181.169998168945,182.389999389648,180.360000610352,182.389999389648,177.771209716797,75600
2023-08-15,180.910003662109,180.910003662109,179.029998779297,179.270004272461,174.730194091797,47900
2023-08-16,179.029998779297,180.169998168945,178.110000610352,178.130004882812,173.619079589844,68300
2023-08-17,179.070007324219,180.389999389648,177.649993896484,177.660003662109,173.160980224609,50900
2023-08-18,176.490005493164,178.130004882812,176.160003662109,177.660003662109,173.160980224609,55800
2023-08-21,177.979995727539,178.100006103516,176.399993896484,177.679992675781,173.180480957031,55200
2023-08-22,178.119995117188,178.570007324219,177,177.429992675781,172.936798095703,52300
2023-08-23,177.449996948242,178.410003662109,177.119995117188,177.850006103516,173.346176147461,35000
2023-08-24,177.089996337891,178.539993286133,176.940002441406,177.080001831055,172.595657348633,45100
2023-08-25,178.009994506836,178.460006713867,176.279998779297,177.770004272461,173.268203735352,32600
2023-08-28,178.210006713867,179.919998168945,178.210006713867,179.009994506836,174.476791381836,49000
2023-08-29,179.179992675781,182.229995727539,178.660003662109,182.229995727539,177.615234375,39900
2023-08-30,181.899993896484,182.949996948242,181.899993896484,182.600006103516,177.97590637207,50300
2023-08-31,183.020004272461,183.410003662109,182.360000610352,182.479995727539,177.858932495117,77700
2023-09-01,183.860000610352,185,183.860000610352,184.539993286133,179.866744995117,80600
2023-09-05,183.889999389648,183.910003662109,180.570007324219,180.570007324219,175.997283935547,52600
2023-09-06,180.089996337891,181.100006103516,178.809997558594,179.990005493164,175.431991577148,43400
2023-09-07,179.139999389648,179.809997558594,177.940002441406,178.899993896484,174.369583129883,31300
2023-09-08,178.729995727539,179.839996337891,178.580001831055,179.080001831055,174.545043945312,33100
2023-09-11,180.089996337891,180.910003662109,179.300003051758,179.440002441406,174.895919799805,36600
2023-09-12,178.960006713867,180,178.600006103516,179.039993286133,174.50602722168,38300
2023-09-13,178.970001220703,179.440002441406,177.729995727539,178.169998168945,173.658065795898,36400
2023-09-14,179.809997558594,181.279998779297,179.699996948242,180.919998168945,176.338424682617,48300
2023-09-15,180.520004272461,181.160003662109,178.699996948242,179.020004272461,174.486541748047,116600
2023-09-18,178.949996948242,179.139999389648,177.809997558594,178.270004272461,173.75553894043,43200
2023-09-19,178.270004272461,178.919998168945,176.710006713867,178.009994506836,173.50212097168,32700
2023-09-20,178.339996337891,179.380004882812,176.279998779297,176.399993896484,171.932891845703,48100
2023-09-21,175.139999389648,175.139999389648,172.880004882812,172.910003662109,168.531265258789,76000
2023-09-22,173.369995117188,174.25,172.589996337891,172.720001220703,168.346084594727,38200
2023-09-25,171.880004882812,174.139999389648,171.880004882812,174.009994506836,169.603408813477,48000
2023-09-26,173.070007324219,173.940002441406,171.139999389648,171.360000610352,167.020523071289,67700
2023-09-27,172.199996948242,172.770004272461,170.690002441406,171.720001220703,167.37141418457,64800
2023-09-28,170.990005493164,173.399993896484,170.990005493164,172.759994506836,169.232620239258,59800
2023-09-29,174.139999389648,174.5,172.139999389648,172.520004272461,168.997512817383,78300
2023-10-02,172,172.059997558594,169.039993286133,170.229995727539,166.754272460938,105500
2023-10-03,168.979995727539,171.320007324219,168.789993286133,169.339996337891,165.882431030273,81700
2023-10-04,170.009994506836,171.279998779297,168.860000610352,170.869995117188,167.381195068359,59200
2023-10-05,170.630004882812,171.520004272461,168.220001220703,169.059997558594,165.608169555664,55200
2023-10-06,168.559997558594,171.630004882812,168,170.550003051758,167.067733764648,61000
2023-10-09,169.619995117188,171.289993286133,169,170.759994506836,167.273452758789,74500
2023-10-10,171.169998168945,174.050003051758,171.169998168945,172.630004882812,169.105285644531,58400
2023-10-11,173.009994506836,174.119995117188,171.710006713867,172.979995727539,169.448135375977,33100
2023-10-12,173.410003662109,173.410003662109,168.699996948242,169.929992675781,166.460403442383,34000
2023-10-13,170.860000610352,171.490005493164,168.710006713867,169.279998779297,165.823684692383,38100
2023-10-16,170.179992675781,172,170.169998168945,170.949996948242,167.459564208984,33000
2023-10-17,169.729995727539,173.509994506836,169.729995727539,172.970001220703,169.43830871582,33400
2023-10-18,171.610000610352,171.610000610352,168.339996337891,168.440002441406,165.000823974609,73400
2023-10-19,168,169.139999389648,166.119995117188,166.509994506836,163.110229492188,58900
2023-10-20,166.229995727539,166.520004272461,164.399993896484,164.399993896484,161.043304443359,56100
2023-10-23,163.25,164.300003051758,162.479995727539,162.5,159.182098388672,445500
2023-10-24,163.800003051758,165.550003051758,163.800003051758,164.380004882812,161.023696899414,57400
2023-10-25,163.889999389648,164.339996337891,162.580001831055,162.589996337891,159.270248413086,62100
2023-10-26,163,165.279998779297,163,163.809997558594,160.465347290039,60600
2023-10-27,164.050003051758,164.520004272461,163.149993896484,163.610000610352,160.269454956055,1425200
2023-10-30,165.130004882812,165.580001831055,164.080001831055,165.199996948242,161.826965332031,110400
2023-10-31,165.149993896484,166.419998168945,164.960006713867,165.880004882812,162.493103027344,46700
2023-11-01,165.669998168945,166.410003662109,164.639999389648,166.330001831055,162.933898925781,73600
2023-11-02,167.419998168945,169.589996337891,167.419998168945,169.539993286133,166.078369140625,67100
2023-11-03,171.050003051758,173.539993286133,171.050003051758,172.419998168945,168.899566650391,38200
2023-11-06,172.440002441406,172.440002441406,171.089996337891,171.509994506836,168.00813293457,43500
2023-11-07,169.869995117188,169.869995117188,168.369995117188,168.490005493164,165.049789428711,50300
2023-11-08,168.710006713867,169.279998779297,167.860000610352,168.919998168945,165.47102355957,53300
2023-11-09,169.720001220703,169.720001220703,167.389999389648,167.410003662109,163.99186706543,49700
2023-11-10,167.600006103516,169.490005493164,167.580001831055,169.399993896484,165.941207885742,48100
2023-11-13,168.529998779297,169.779998779297,168.229995727539,169.050003051758,165.598358154297,53400
2023-11-14,171.339996337891,175.350006103516,171.339996337891,174.779998779297,171.211364746094,89000
2023-11-15,175.020004272461,177.020004272461,175.020004272461,175.419998168945,171.838317871094,40800
2023-11-16,175.210006713867,176.089996337891,174.910003662109,175.610000610352,172.0244140625,50000
2023-11-17,176.300003051758,176.720001220703,175.839996337891,176.190002441406,172.592575073242,34600
2023-11-20,175.949996948242,176.850006103516,175.050003051758,176.470001220703,172.86686706543,63900
2023-11-21,176.580001831055,177.589996337891,176.580001831055,176.880004882812,173.268493652344,30000
2023-11-22,177.009994506836,177.289993286133,176.039993286133,177.119995117188,173.50358581543,37700
2023-11-24,176.919998168945,178.399993896484,176.919998168945,177.789993286133,174.159896850586,15800
2023-11-27,176.889999389648,177.880004882812,176.460006713867,177.660003662109,174.032577514648,245900
2023-11-28,177.520004272461,178.710006713867,177.259994506836,177.699996948242,174.071746826172,172500
2023-11-29,178.380004882812,179.559997558594,178.380004882812,178.600006103516,174.953384399414,34300
2023-11-30,178.740005493164,180.550003051758,178.270004272461,180.389999389648,176.706832885742,40500
2023-12-01,180.740005493164,183.5,180.389999389648,183.089996337891,179.351699829102,68300
2023-12-04,181.759994506836,182.979995727539,181.169998168945,181.380004882812,177.676620483398,46300
2023-12-05,180.279998779297,180.399993896484,178.509994506836,178.639999389648,174.992553710938,34200
2023-12-06,179.630004882812,180.419998168945,178.309997558594,178.570007324219,174.92399597168,80800
2023-12-07,178.820007324219,179.789993286133,178.479995727539,179.690002441406,176.021118164062,44400
2023-12-08,179.369995117188,181.110000610352,179.369995117188,180.259994506836,176.579467773438,36900
2023-12-11,179.979995727539,181.330001831055,179.509994506836,181.220001220703,177.519897460938,55200
2023-12-12,182.309997558594,183,180.960006713867,181.619995117188,177.911697387695,68500
2023-12-13,180.210006713867,184.860000610352,179.779998779297,184.720001220703,180.948425292969,121900
2023-12-14,186.110000610352,189.300003051758,186.110000610352,188.309997558594,184.465118408203,267700
2023-12-15,187.940002441406,189.130004882812,187.380004882812,187.759994506836,183.926330566406,283200
2023-12-18,188.949996948242,189.820007324219,188.5,188.5,184.651245117188,51400
2023-12-19,188.699996948242,190.009994506836,188.699996948242,189.880004882812,186.886428833008,40700
2023-12-20,189.449996948242,189.880004882812,186.929992675781,186.929992675781,183.982925415039,55400
2023-12-21,188.460006713867,189.139999389648,187.889999389648,189.130004882812,186.148254394531,51300
2023-12-22,189.940002441406,190.919998168945,189.610000610352,190.389999389648,187.388397216797,50200
2023-12-26,190.520004272461,192,190.5,191.529998779297,188.510406494141,53300
2023-12-27,191.369995117188,192.25,191.139999389648,191.960006713867,188.933654785156,68800
2023-12-28,191.389999389648,191.869995117188,190.960006713867,191.080001831055,188.067504882812,37000
2023-12-29,190.589996337891,190.869995117188,189.75,189.940002441406,186.94548034668,47700
2024-01-02,188.770004272461,190.089996337891,188.600006103516,189.520004272461,186.532104492188,75000
2024-01-03,187.550003051758,187.960006713867,186,186.839996337891,183.894348144531,74500
2024-01-04,186.550003051758,187.289993286133,185.880004882812,185.960006713867,183.028244018555,58500
2024-01-05,185.5,187.669998168945,185.5,186.589996337891,183.648300170898,50100
2024-01-08,185.940002441406,187.669998168945,185.100006103516,187.539993286133,184.583312988281,42300
2024-01-09,186.369995117188,186.369995117188,184.820007324219,185.360000610352,182.437683105469,40600
2024-01-10,184.949996948242,185.289993286133,184.259994506836,184.960006713867,182.044006347656,53500
2024-01-11,185.110000610352,185.110000610352,183.179992675781,184.389999389648,181.482986450195,78700
2024-01-12,185.589996337891,185.979995727539,183.899993896484,184.550003051758,181.640472412109,39400
2024-01-16,183.330001831055,183.580001831055,181.839996337891,182.399993896484,179.524353027344,50500
2024-01-17,180.479995727539,181.5,180,180.960006713867,178.107070922852,40500
2024-01-18,181.309997558594,181.919998168945,180.199996948242,181.899993896484,179.0322265625,34100
2024-01-19,181.789993286133,182.279998779297,180.350006103516,182.190002441406,179.317672729492,45700
2024-01-22,181.449996948242,183.220001220703,181.309997558594,182.940002441406,180.055847167969,65800
2024-01-23,184.050003051758,184.369995117188,183.089996337891,183.460006713867,180.567642211914,43800
2024-01-24,183.949996948242,184.259994506836,181.070007324219,181.100006103516,178.244857788086,45500
2024-01-25,181.850006103516,183.059997558594,181.330001831055,182.740005493164,179.858993530273,41600
2024-01-26,183.199996948242,184.130004882812,182.789993286133,182.960006713867,180.075531005859,49400
2024-01-29,183.070007324219,184.25,182.199996948242,184.160003662109,181.256622314453,75800
2024-01-30,183.839996337891,185.669998168945,183.520004272461,184.770004272461,181.857009887695,601000
2024-01-31,185.160003662109,185.279998779297,182.210006713867,182.210006713867,179.337356567383,756300
2024-02-01,184.410003662109,185.199996948242,182.649993896484,185.199996948242,182.280197143555,110000
2024-02-02,183.889999389648,184.789993286133,182.039993286133,183.949996948242,181.049911499023,102600
2024-02-05,180.690002441406,180.690002441406,179,179.630004882812,176.798034667969,67700
2024-02-06,180.679992675781,182.330001831055,180.679992675781,182.080001831055,179.209411621094,40600
2024-02-07,182.869995117188,183.639999389648,182.529998779297,183.300003051758,180.410171508789,49600
2024-02-08,183.509994506836,183.509994506836,181.990005493164,183.380004882812,180.488922119141,40800
2024-02-09,183.320007324219,183.970001220703,182.690002441406,183.889999389648,180.990859985352,55300
2024-02-12,184.089996337891,186.470001220703,184.089996337891,185.449996948242,182.526290893555,69600
2024-02-13,183.149993896484,183.669998168945,181.039993286133,182.179992675781,179.307815551758,93700
2024-02-14,183.119995117188,184.080001831055,182.5,183.690002441406,180.794006347656,93000
2024-02-15,184.589996337891,187.850006103516,184.589996337891,187.570007324219,184.612854003906,31900
2024-02-16,188.070007324219,189.649993896484,187.869995117188,188.119995117188,185.154174804688,41900
2024-02-20,187.479995727539,188,186.789993286133,187.580001831055,184.622695922852,60800
2024-02-21,187.25,188.639999389648,187.050003051758,188.550003051758,185.577392578125,34800
2024-02-22,189.039993286133,190.759994506836,188.880004882812,190.5,187.496658325195,36200
2024-02-23,190.960006713867,191.910003662109,190.660003662109,191.520004272461,188.500579833984,41900
2024-02-26,191.080001831055,191.350006103516,190.509994506836,190.660003662109,187.654144287109,52400
2024-02-27,191.210006713867,192,190.929992675781,191.410003662109,188.392303466797,49100
2024-02-28,190.860000610352,192.429992675781,190.5,191.460006713867,188.441513061523,46800
2024-02-29,192.490005493164,193.389999389648,192.179992675781,192.949996948242,189.908020019531,68200
2024-03-01,193.360000610352,194.240005493164,192.860000610352,193.940002441406,190.882415771484,40500
2024-03-04,194.020004272461,195.5,194.020004272461,195.039993286133,191.965057373047,38200
2024-03-05,194.460006713867,195.630004882812,193.350006103516,193.869995117188,190.813522338867,37500
2024-03-06,195.100006103516,195.899993896484,194.970001220703,195.389999389648,192.309555053711,34400
2024-03-07,196.860000610352,198.679992675781,196.860000610352,197.970001220703,194.848876953125,32600
2024-03-08,198.839996337891,198.919998168945,197.100006103516,197.100006103516,193.992599487305,29300
2024-03-11,197.800003051758,199.410003662109,196.919998168945,198.610000610352,195.478805541992,36600
2024-03-12,198.889999389648,198.889999389648,197.639999389648,198.460006713867,195.331146240234,26100
2024-03-13,198.860000610352,200.869995117188,198.860000610352,199.880004882812,196.728775024414,43700
2024-03-14,199.350006103516,199.419998168945,197.380004882812,198.330001831055,195.203216552734,229700
2024-03-15,197.539993286133,199.360000610352,197.539993286133,198.649993896484,195.518173217773,80400
2024-03-18,199.399993896484,200.210006713867,198.679992675781,198.690002441406,195.557540893555,44600
2024-03-19,198.419998168945,199.179992675781,198.139999389648,199.160003662109,196.020126342773,56300
2024-03-20,198.910003662109,202,198.759994506836,201.410003662109,198.234649658203,39600
2024-03-21,202.139999389648,202.630004882812,201.399993896484,202.429992675781,199.238555908203,30200
2024-03-22,201.309997558594,201.740005493164,200.350006103516,200.440002441406,197.946853637695,29000
2024-03-25,200.339996337891,201.529998779297,200.339996337891,200.600006103516,198.104858398438,34400
2024-03-26,201.130004882812,201.350006103516,200.509994506836,200.639999389648,198.14436340332,25500
2024-03-27,201.270004272461,203.949996948242,201.270004272461,203.949996948242,201.413192749023,41300
2024-03-28,203.910003662109,204.860000610352,203.770004272461,204.429992675781,201.88720703125,45400
2024-04-01,205.199996948242,205.210006713867,203.570007324219,203.779998779297,201.245300292969,59100
2024-04-02,203.229995727539,203.509994506836,202,202.770004272461,200.24787902832,39200
2024-04-03,202.889999389648,204.460006713867,202.889999389648,204.419998168945,201.877349853516,81100
2024-04-04,205.410003662109,205.990005493164,201.740005493164,202.160003662109,199.645446777344,36400
2024-04-05,202.199996948242,203.949996948242,202,203.660003662109,201.126800537109,59800
2024-04-08,204.380004882812,204.669998168945,203.679992675781,204.009994506836,201.472442626953,47500
2024-04-09,204.899993896484,205.490005493164,202.729995727539,204.630004882812,202.084732055664,29100
2024-04-10,201.490005493164,202.610000610352,200.589996337891,201.350006103516,198.845550537109,62900
2024-04-11,201.75,202.130004882812,200.410003662109,201.270004272461,198.766525268555,34300
2024-04-12,200.929992675781,201.110000610352,197.059997558594,197.639999389648,195.181686401367,52200
2024-04-15,199.399993896484,200.139999389648,196.050003051758,196.630004882812,194.18424987793,45600
2024-04-16,195.740005493164,196.210006713867,194.389999389648,195.289993286133,192.860900878906,55200
2024-04-17,196.610000610352,197.520004272461,195.139999389648,195.429992675781,192.999160766602,60900
2024-04-18,196.809997558594,197.029998779297,194.660003662109,195.360000610352,192.930023193359,25500
2024-04-19,195.699996948242,196.649993896484,194.630004882812,195.25,192.821411132812,55700
2024-04-22,194.589996337891,196.509994506836,193.610000610352,195.729995727539,193.295440673828,27500
2024-04-23,193.529998779297,194.979995727539,193.399993896484,194.169998168945,191.754821777344,42900
2024-04-24,193.539993286133,194.300003051758,192.839996337891,194.220001220703,191.804214477539,28300
2024-04-25,193.630004882812,195.410003662109,192.110000610352,194.949996948242,192.525131225586,23800
2024-04-26,195.220001220703,196.979995727539,195.220001220703,196.190002441406,193.749710083008,33000
2024-04-29,197.100006103516,198.149993896484,197.100006103516,198.029998779297,195.566833496094,23800
2024-04-30,196.630004882812,196.919998168945,194.389999389648,194.470001220703,192.05110168457,31700
2024-05-01,195.020004272461,198.350006103516,194.639999389648,195.389999389648,192.959655761719,53400
2024-05-02,195.070007324219,195.970001220703,193.630004882812,195.479995727539,193.048538208008,37100
2024-05-03,196.800003051758,197.479995727539,196.479995727539,197.059997558594,194.608871459961,44800
2024-05-06,198.369995117188,198.910003662109,197.75,198.490005493164,196.021102905273,48500
2024-05-07,198.970001220703,201.020004272461,198.970001220703,200.649993896484,198.154235839844,55700
2024-05-08,199.919998168945,200.570007324219,199.850006103516,199.929992675781,197.44319152832,36000
2024-05-09,200.470001220703,202.25,200.350006103516,202.240005493164,199.724472045898,70300
2024-05-10,202.970001220703,203.020004272461,202.070007324219,202.289993286133,199.773834228516,18200
2024-05-13,202.839996337891,203.369995117188,202.029998779297,202.169998168945,199.655334472656,46600
2024-05-14,202.899993896484,203.339996337891,202.009994506836,202.720001220703,200.198486328125,28000
2024-05-15,204.059997558594,204.059997558594,202.270004272461,203.029998779297,200.504623413086,27700
2024-05-16,203.029998779297,203.029998779297,201.690002441406,201.690002441406,199.181304931641,24300
2024-05-17,202.380004882812,203.419998168945,202.380004882812,203.419998168945,200.889785766602,22500
2024-05-20,203.160003662109,203.960006713867,202.690002441406,203.800003051758,201.265060424805,97200
2024-05-21,203.350006103516,203.639999389648,202.809997558594,203.520004272461,200.988540649414,20600
2024-05-22,202.330001831055,202.330001831055,200.759994506836,201.610000610352,199.102294921875,28300
2024-05-23,201.960006713867,201.960006713867,199.190002441406,199.630004882812,197.146926879883,32300
2024-05-24,200.559997558594,201.570007324219,200.559997558594,201.289993286133,198.786270141602,24700
2024-05-28,201.75,201.75,199.970001220703,200.570007324219,198.075241088867,29600
2024-05-29,198.850006103516,198.979995727539,197.649993896484,197.649993896484,195.191543579102,27200
2024-05-30,197.529998779297,199.639999389648,197.529998779297,199.5,197.018539428711,25900
2024-05-31,200.139999389648,202,198.470001220703,202,199.487442016602,38100
2024-06-03,202.429992675781,202.429992675781,198.990005493164,200.5,198.006088256836,32900
2024-06-04,199.139999389648,199.139999389648,196.710006713867,197.449996948242,194.994033813477,35000
2024-06-05,197.960006713867,199.259994506836,197.100006103516,199.220001220703,196.742034912109,36900
2024-06-06,199.139999389648,199.300003051758,198.5,199.300003051758,196.821029663086,20800
2024-06-07,197.460006713867,198.5,196.720001220703,196.979995727539,194.529891967773,23400
2024-06-10,196.5,197.149993896484,196.149993896484,197.029998779297,194.57926940918,30800
2024-06-11,195.960006713867,196.589996337891,194.839996337891,196.5,194.055862426758,27000
2024-06-12,199.320007324219,199.880004882812,197.300003051758,197.339996337891,194.885406494141,25600
2024-06-13,196.910003662109,197.149993896484,195.449996948242,197.029998779297,194.57926940918,27100
2024-06-14,195.589996337891,195.589996337891,193.910003662109,194.779998779297,192.35725402832,30300
2024-06-17,194.279998779297,196.369995117188,193.770004272461,196.149993896484,193.710205078125,24300
2024-06-18,196.070007324219,197,195.259994506836,195.860000610352,193.423812866211,39500
2024-06-20,195.839996337891,196.539993286133,195.550003051758,195.550003051758,193.11767578125,27100
2024-06-21,195.059997558594,195.580001831055,194.179992675781,195.520004272461,193.088043212891,24400
2024-06-24,196.009994506836,197.410003662109,195.940002441406,196.259994506836,193.818832397461,57800
2024-06-25,196.119995117188,196.119995117188,193.220001220703,193.729995727539,191.3203125,37100
2024-06-26,192.990005493164,193.960006713867,192.509994506836,193.960006713867,191.547454833984,54000
2024-06-27,193.860000610352,193.960006713867,192.929992675781,193.460006713867,191.053665161133,48400
2024-06-28,193.119995117188,194.100006103516,192.399993896484,192.630004882812,191.041763305664,26300
2024-07-01,193.089996337891,193.559997558594,189.490005493164,189.889999389648,188.324356079102,45500
2024-07-02,189.649993896484,190.649993896484,188.929992675781,190.429992675781,188.859893798828,82500
2024-07-03,191.160003662109,192.490005493164,191.160003662109,191.910003662109,190.327697753906,29000
2024-07-05,191.880004882812,192.130004882812,190.660003662109,191.949996948242,190.367370605469,37000
2024-07-08,192.300003051758,193.220001220703,192.029998779297,192.539993286133,190.952484130859,33000
2024-07-09,192.399993896484,192.399993896484,190.75,190.75,189.177261352539,24700
2024-07-10,191.440002441406,193.369995117188,191.440002441406,193.199996948242,191.607055664062,43300
2024-07-11,194.360000610352,196.960006713867,194.360000610352,196.770004272461,195.14762878418,32400
2024-07-12,197.679992675781,199.589996337891,197.660003662109,198.679992675781,197.041870117188,47700
2024-07-15,198.779998779297,200.139999389648,198.309997558594,198.600006103516,196.962554931641,34700
2024-07-16,198.619995117188,203.110000610352,198.619995117188,202.860000610352,201.187408447266,41500
2024-07-17,202.410003662109,203.440002441406,201.940002441406,201.940002441406,200.275009155273,57200
2024-07-18,201.330001831055,202.940002441406,199.889999389648,200.009994506836,198.360916137695,20100
2024-07-19,199.330001831055,199.350006103516,197.660003662109,198.119995117188,196.48649597168,30100
2024-07-22,198.850006103516,199.350006103516,197.229995727539,199.160003662109,197.517913818359,20300
2024-07-23,199.770004272461,200.669998168945,198.839996337891,200.25,198.598922729492,47200
2024-07-24,200.190002441406,200.850006103516,197.210006713867,197.220001220703,195.59391784668,23700
2024-07-25,196.770004272461,200.789993286133,196.770004272461,198.279998779297,196.64518737793,40400
2024-07-26,200.020004272461,202.160003662109,199.429992675781,201.619995117188,199.957626342773,31200
2024-07-29,201.589996337891,202.190002441406,200.809997558594,201.889999389648,200.225402832031,24900
2024-07-30,201.339996337891,202.75,201.210006713867,201.5,199.838623046875,41600
2024-07-31,202.889999389648,205.889999389648,202.789993286133,203.800003051758,202.119659423828,29300
2024-08-01,204.699996948242,206.350006103516,200.660003662109,202,200.334503173828,29400
2024-08-02,199.119995117188,199.119995117188,194.940002441406,197.220001220703,195.59391784668,31500
2024-08-05,191.240005493164,193.630004882812,190.169998168945,191.990005493164,190.407043457031,67600
2024-08-06,191.789993286133,195.979995727539,191.789993286133,193.690002441406,192.093017578125,59900
2024-08-07,195.710006713867,195.929992675781,190.710006713867,190.710006713867,189.137603759766,30800
2024-08-08,192.600006103516,194.820007324219,192.539993286133,194.300003051758,192.697998046875,24200
2024-08-09,194.860000610352,194.869995117188,193.240005493164,194.080001831055,192.47981262207,27800
2024-08-12,194.179992675781,194.470001220703,192.899993896484,193.139999389648,191.547561645508,16900
2024-08-13,193.539993286133,195.529998779297,193.350006103516,195.210006713867,193.600494384766,25300
2024-08-14,195.669998168945,195.710006713867,194.050003051758,194.919998168945,193.312881469727,22400
2024-08-15,196.720001220703,198.669998168945,196.720001220703,198.360000610352,196.724517822266,22400
2024-08-16,198,198.539993286133,197.100006103516,198.479995727539,196.843521118164,20800
2024-08-19,198.899993896484,199.600006103516,198.899993896484,199.600006103516,197.954299926758,23900
2024-08-20,199.460006713867,200,198.369995117188,198.539993286133,196.903030395508,18200
2024-08-21,199.520004272461,201.130004882812,199.460006713867,201.130004882812,199.4716796875,23100
2024-08-22,200.929992675781,201.169998168945,200.149993896484,200.529998779297,198.87663269043,19900
2024-08-23,201.820007324219,204.350006103516,201.460006713867,203.660003662109,201.980819702148,21700
2024-08-26,204.690002441406,206.25,204.300003051758,204.429992675781,202.74446105957,61200
2024-08-27,204.380004882812,204.380004882812,203.160003662109,204.149993896484,202.466781616211,25700
2024-08-28,203.199996948242,203.820007324219,202.289993286133,202.919998168945,201.246917724609,32100
2024-08-29,203.490005493164,205.559997558594,202.919998168945,204.229995727539,202.546112060547,21400
2024-08-30,204.919998168945,206.610000610352,203.779998779297,206.380004882812,204.678405761719,28300
2024-09-03,203.860000610352,204.240005493164,200.460006713867,201.070007324219,199.412170410156,26900
2024-09-04,201.220001220703,202.059997558594,199.559997558594,199.729995727539,198.083206176758,25200
2024-09-05,200.110000610352,200.110000610352,197.820007324219,198.320007324219,196.684844970703,21500
2024-09-06,198.139999389648,199.419998168945,195.779998779297,195.979995727539,194.364135742188,59600
2024-09-09,196.729995727539,198.440002441406,196.729995727539,197.520004272461,195.891448974609,19600
2024-09-10,197.690002441406,197.690002441406,196.070007324219,197.649993896484,196.020370483398,87200
2024-09-11,197.690002441406,198.320007324219,193.429992675781,198.279998779297,196.64518737793,24600
2024-09-12,198.830001831055,200.429992675781,198.369995117188,200.429992675781,198.777435302734,36700
2024-09-13,201.25,203.809997558594,201.25,202.899993896484,201.227081298828,25800
2024-09-16,203.619995117188,204.789993286133,203.149993896484,204.789993286133,203.101501464844,35100
2024-09-17,205,206.460006713867,204.699996948242,205.270004272461,203.577545166016,24700
2024-09-18,205.529998779297,207.399993896484,204.339996337891,204.570007324219,202.883316040039,28200
2024-09-19,208.25,208.910003662109,207.220001220703,208.320007324219,206.602401733398,26200
2024-09-20,208.009994506836,208.009994506836,205.940002441406,206.759994506836,205.055252075195,19300
2024-09-23,207.649993896484,208.289993286133,207.490005493164,208.289993286133,206.572647094727,21800
2024-09-24,209.470001220703,211.300003051758,209.470001220703,210.899993896484,209.161117553711,38400
2024-09-25,211.25,211.25,209.160003662109,209.600006103516,207.871841430664,20600
2024-09-26,211.860000610352,214.169998168945,211.860000610352,213.710006713867,211.947967529297,30600
2024-09-27,213.009994506836,214.399993896484,212.059997558594,212.410003662109,211.484985351562,69600
2024-09-30,211.889999389648,211.889999389648,209.889999389648,211.470001220703,210.549072265625,29400
2024-10-01,211.869995117188,211.869995117188,209.580001831055,210.619995117188,209.702774047852,44000
2024-10-02,210,211.190002441406,209.369995117188,209.589996337891,208.677261352539,42300
2024-10-03,208.220001220703,208.220001220703,206.800003051758,207.389999389648,206.486831665039,37600
2024-10-04,208.830001831055,209.160003662109,207.380004882812,208.369995117188,207.46257019043,36100
2024-10-07,207.710006713867,208.399993896484,207,208.149993896484,207.243530273438,24300
2024-10-08,207.179992675781,207.529998779297,206.110000610352,207.309997558594,206.407180786133,19400
2024-10-09,207.360000610352,209.380004882812,207.160003662109,209.050003051758,208.139617919922,22800
2024-10-10,208.309997558594,209.649993896484,208.100006103516,209.279998779297,208.368606567383,26600
2024-10-11,209.699996948242,211.330001831055,209.699996948242,211.119995117188,210.200592041016,11700
2024-10-14,210.389999389648,212.440002441406,210.029998779297,212.300003051758,211.375457763672,21700
2024-10-15,211.869995117188,213.990005493164,211.869995117188,212.389999389648,211.465057373047,27800
2024-10-16,212.75,214.410003662109,212.619995117188,214.130004882812,213.197494506836,20700
2024-10-17,214.779998779297,214.779998779297,213.919998168945,214.419998168945,213.486221313477,34600
2024-10-18,214.889999389648,215.820007324219,214.139999389648,215.210006713867,214.272796630859,20100
2024-10-21,215.080001831055,215.080001831055,212.979995727539,213.339996337891,212.410919189453,28000
2024-10-22,212.710006713867,213.419998168945,210.789993286133,211.429992675781,210.509231567383,23100
2024-10-23,210.520004272461,211.630004882812,210,210.600006103516,209.682861328125,23000
2024-10-24,210.639999389648,210.639999389648,208.330001831055,208.869995117188,207.960388183594,15100
2024-10-25,209.210006713867,209.440002441406,207.470001220703,207.570007324219,206.666061401367,17500
2024-10-28,208.380004882812,209.770004272461,208.339996337891,209.690002441406,208.776824951172,30800
2024-10-29,208.559997558594,209.149993896484,207.970001220703,208.240005493164,207.333145141602,38400
2024-10-30,208.110000610352,210.25,208.110000610352,208.860000610352,207.950439453125,18300
2024-10-31,207.619995117188,207.960006713867,205.800003051758,205.800003051758,204.903762817383,18600
2024-11-01,206.369995117188,207.110000610352,205.649993896484,205.759994506836,204.86393737793,38200
2024-11-04,207,207.699996948242,205.759994506836,206.419998168945,205.521057128906,27600
2024-11-05,206.190002441406,207.940002441406,205.529998779297,207.720001220703,206.815399169922,31000
2024-11-06,213.360000610352,213.360000610352,210.110000610352,212.190002441406,211.265930175781,32800
2024-11-07,212.949996948242,213.509994506836,212.220001220703,212.630004882812,211.704025268555,40100
2024-11-08,211.529998779297,212.009994506836,210.839996337891,211.259994506836,210.339981079102,28300
2024-11-11,211.160003662109,211.770004272461,210.529998779297,210.529998779297,209.613159179688,25700
2024-11-12,209.669998168945,209.669998168945,207.059997558594,207.169998168945,206.267791748047,27200
2024-11-13,207.300003051758,207.740005493164,206.75,206.919998168945,206.018890380859,27400
2024-11-14,207,207.119995117188,205.330001831055,205.520004272461,204.624984741211,26700
2024-11-15,205.589996337891,205.850006103516,203.899993896484,204.100006103516,203.211166381836,27400
2024-11-18,204.5,205.660003662109,204.5,205.660003662109,204.764373779297,27300
2024-11-19,204.479995727539,205.559997558594,203.350006103516,205.410003662109,204.515472412109,84600
2024-11-20,205.179992675781,206.699996948242,204.800003051758,206.550003051758,205.650497436523,41500
2024-11-21,206.960006713867,209.380004882812,206.699996948242,209.380004882812,208.468170166016,25600
2024-11-22,209.380004882812,210.949996948242,209.380004882812,210.699996948242,209.782424926758,27500
2024-11-25,211.210006713867,213.520004272461,211.210006713867,213.020004272461,212.092330932617,35800
2024-11-26,212.210006713867,212.210006713867,210.789993286133,211.570007324219,210.648635864258,26800
2024-11-27,212.25,213.169998168945,211.050003051758,211.289993286133,210.369842529297,27800
2024-11-29,211.740005493164,212.460006713867,211.580001831055,212.449996948242,211.524795532227,9500
2024-12-02,212.210006713867,212.529998779297,210.910003662109,212.179992675781,211.255966186523,29800
2024-12-03,212.960006713867,212.960006713867,211.179992675781,211.470001220703,210.549072265625,23500
2024-12-04,211.130004882812,211.130004882812,209.419998168945,209.889999389648,208.975952148438,37200
2024-12-05,209.270004272461,209.270004272461,206.649993896484,207.229995727539,206.327529907227,41200
2024-12-06,207.779998779297,207.949996948242,206.300003051758,206.470001220703,205.570846557617,17500
2024-12-09,207.919998168945,208.789993286133,206.130004882812,206.130004882812,205.232330322266,25000
2024-12-10,206.179992675781,206.179992675781,203.380004882812,204.220001220703,203.330642700195,30600
2024-12-11,204.479995727539,204.479995727539,203.339996337891,203.339996337891,202.454467773438,29200
2024-12-12,202.809997558594,203.179992675781,201.839996337891,201.839996337891,200.960998535156,34900
2024-12-13,201.339996337891,201.339996337891,199.410003662109,199.970001220703,199.099151611328,104700
2024-12-16,199.899993896484,200.059997558594,198.270004272461,198.380004882812,197.516082763672,48000
2024-12-17,197.330001831055,198.520004272461,196.770004272461,196.789993286133,195.932998657227,41500
2024-12-18,196.009994506836,196.460006713867,189.690002441406,189.690002441406,189.690002441406,58800
2024-12-19,190.190002441406,191.199996948242,187.729995727539,187.729995727539,187.729995727539,411200
2024-12-20,187.619995117188,190.880004882812,187.520004272461,189.830001831055,189.830001831055,100500
2024-12-23,189.490005493164,189.729995727539,188.050003051758,189.619995117188,189.619995117188,61600
2024-12-24,189.929992675781,190.860000610352,189.270004272461,190.800003051758,190.800003051758,44700
2024-12-26,189.899993896484,191.229995727539,189.789993286133,190.779998779297,190.779998779297,40100
2024-12-27,189.770004272461,191.229995727539,188.619995117188,189.339996337891,189.339996337891,41300
2024-12-30,188,188,186.089996337891,186.910003662109,186.910003662109,61100
2024-12-31,187.600006103516,188.490005493164,187.050003051758,187.839996337891,187.839996337891,59000
2025-01-02,188.580001831055,189.410003662109,185.830001831055,185.940002441406,185.940002441406,141400
2025-01-03,186.339996337891,186.720001220703,185.490005493164,185.960006713867,185.960006713867,78500
2025-01-06,187.679992675781,189.009994506836,186.990005493164,187.149993896484,187.149993896484,78400
2025-01-07,187.520004272461,188.850006103516,185.929992675781,186.809997558594,186.809997558594,48900
2025-01-08,186.720001220703,187.610000610352,185.820007324219,187.610000610352,187.610000610352,62000
2025-01-10,186,186.610000610352,185.160003662109,185.710006713867,185.710006713867,60300
2025-01-13,185,189.520004272461,185,189.520004272461,189.520004272461,66000
2025-01-14,190.779998779297,191.910003662109,190.179992675781,191.880004882812,191.880004882812,42900
2025-01-15,194.649993896484,195.139999389648,192.809997558594,193.910003662109,193.910003662109,155600
2025-01-16,194.259994506836,195.529998779297,193.740005493164,195.470001220703,195.470001220703,45500
2025-01-17,197.009994506836,198.029998779297,196.339996337891,196.770004272461,196.770004272461,56100
2025-01-21,198.570007324219,199.940002441406,198.570007324219,199.380004882812,199.380004882812,54800
2025-01-22,199.389999389648,199.389999389648,197.929992675781,198.009994506836,198.009994506836,33300
2025-01-23,197.889999389648,198.869995117188,196.970001220703,198.75,198.75,35000
2025-01-24,199.320007324219,199.630004882812,198.169998168945,198.509994506836,198.509994506836,38200
2025-01-27,197.639999389648,198.25,196.850006103516,198,198,39000
2025-01-28,198.020004272461,198.270004272461,197.029998779297,197.580001831055,197.580001831055,54800
2025-01-29,197,198.350006103516,196.809997558594,197.210006713867,197.210006713867,29200
2025-01-30,197.220001220703,199.080001831055,197.220001220703,198.880004882812,198.880004882812,61600
2025-01-31,198.369995117188,199.259994506836,196.660003662109,197.330001831055,197.330001831055,32100
2025-02-03,194.770004272461,197.350006103516,192.979995727539,196.720001220703,196.720001220703,72600
2025-02-04,197.25,198.360000610352,197.199996948242,197.710006713867,197.710006713867,44800
2025-02-05,197.490005493164,198.949996948242,196.860000610352,198.080001831055,198.080001831055,26600
2025-02-06,198.889999389648,199.410003662109,197.839996337891,199.110000610352,199.110000610352,33100
2025-02-07,199.259994506836,199.259994506836,196.320007324219,196.570007324219,196.570007324219,36100
2025-02-10,198.300003051758,198.300003051758,196.660003662109,197.600006103516,197.600006103516,39100
2025-02-11,197.910003662109,199.559997558594,197.910003662109,198.5,198.5,188900
2025-02-12,196.029998779297,198.080001831055,195.070007324219,197.210006713867,197.210006713867,48900
2025-02-13,198.210006713867,200.550003051758,198.089996337891,200.369995117188,200.369995117188,35600
2025-02-14,200.889999389648,201.830001831055,199.779998779297,199.779998779297,199.779998779297,38900
2025-02-18,200.639999389648,202.460006713867,199.5,202.460006713867,202.460006713867,41100
2025-02-19,199.830001831055,200.449996948242,199.270004272461,199.789993286133,199.789993286133,45000
2025-02-20,199.220001220703,200.080001831055,197.990005493164,198.919998168945,198.919998168945,39300
2025-02-21,199.529998779297,199.589996337891,194.880004882812,195.089996337891,195.089996337891,45600
2025-02-24,195.600006103516,196.139999389648,194.429992675781,194.899993896484,194.899993896484,36400
2025-02-25,195.240005493164,196.889999389648,194.899993896484,196.360000610352,196.360000610352,39400
2025-02-26,196.860000610352,198.220001220703,196.130004882812,196.240005493164,196.240005493164,39500
2025-02-27,196.240005493164,197.429992675781,194.619995117188,194.690002441406,194.690002441406,41200
2025-02-28,195.050003051758,196.619995117188,194.25,196.529998779297,196.529998779297,29100
2025-03-03,198.160003662109,198.839996337891,191.910003662109,192.320007324219,192.320007324219,42700
2025-03-04,191.809997558594,191.899993896484,188.580001831055,189.240005493164,189.240005493164,86100
2025-03-05,191.139999389648,195.059997558594,190.940002441406,194.740005493164,194.740005493164,42000
2025-03-06,193.389999389648,195.320007324219,192.539993286133,193.580001831055,193.580001831055,37800
2025-03-07,192.759994506836,194.289993286133,191,193.800003051758,193.800003051758,52800
2025-03-10,191.169998168945,192.440002441406,187.919998168945,189.529998779297,189.529998779297,66500
